{"ETH": 3168.65, "BTC": 101401.0, "DOGE": 0.227732, "PUMP": 0.00318989}